step,x,y,z,energy
0,0.0,0.0,0.0,-1.420230253999674
1,1.1111111111111112,1.1111111111111112,1.1111111111111112,-0.404888630612702
2,2.2222222222222223,2.2222222222222223,2.2222222222222223,-1.119606146314681
3,3.3333333333333335,3.3333333333333335,3.3333333333333335,-0.7457114513910206
4,4.444444444444445,4.444444444444445,4.444444444444445,-0.28100418024768037
5,5.555555555555555,5.555555555555555,5.555555555555555,-1.9696035955725326
6,6.666666666666667,6.666666666666667,6.666666666666667,0.6475065779122415
7,7.777777777777779,7.777777777777779,7.777777777777779,-0.8406221393169022
8,8.88888888888889,8.88888888888889,8.88888888888889,-1.2528254810938702
9,10.0,10.0,10.0,-0.09490197536826676
