step,x,y,z,energy
0,0.0,0.0,0.0,-0.19060193614866397
1,1.1111111111111112,1.1111111111111112,1.1111111111111112,2.121501057340187
2,2.2222222222222223,2.2222222222222223,2.2222222222222223,1.1850503064866367
3,3.3333333333333335,3.3333333333333335,3.3333333333333335,0.8387633176894325
4,4.444444444444445,4.444444444444445,4.444444444444445,0.7373544210615705
5,5.555555555555555,5.555555555555555,5.555555555555555,2.593882946497927
6,6.666666666666667,6.666666666666667,6.666666666666667,0.6227145187312558
7,7.777777777777779,7.777777777777779,7.777777777777779,0.602469571401558
8,8.88888888888889,8.88888888888889,8.88888888888889,-2.0544433106525717
9,10.0,10.0,10.0,1.0188873051633085
