step,x,y,z,energy
0,0.0,0.0,0.0,-0.6208399734924386
1,1.1111111111111112,1.1111111111111112,1.1111111111111112,0.12886011512052997
2,2.2222222222222223,2.2222222222222223,2.2222222222222223,0.6880653821935749
3,3.3333333333333335,3.3333333333333335,3.3333333333333335,0.45620620264911804
4,4.444444444444445,4.444444444444445,4.444444444444445,-0.4135963351490764
5,5.555555555555555,5.555555555555555,5.555555555555555,-1.6853675688055767
6,6.666666666666667,6.666666666666667,6.666666666666667,0.826327462654104
7,7.777777777777779,7.777777777777779,7.777777777777779,-0.8738682894056806
8,8.88888888888889,8.88888888888889,8.88888888888889,-0.40498002938602795
9,10.0,10.0,10.0,2.266075470974553
