step,x,y,z,energy
0,0.0,0.0,0.0,0.23522845622927752
1,1.1111111111111112,1.1111111111111112,1.1111111111111112,-1.7189584226245072
2,2.2222222222222223,2.2222222222222223,2.2222222222222223,0.6806100630238482
3,3.3333333333333335,3.3333333333333335,3.3333333333333335,-0.9006786537062482
4,4.444444444444445,4.444444444444445,4.444444444444445,0.22955622049193264
5,5.555555555555555,5.555555555555555,5.555555555555555,-0.21893317190472372
6,6.666666666666667,6.666666666666667,6.666666666666667,-2.2531795580211638
7,7.777777777777779,7.777777777777779,7.777777777777779,2.1787140718634026
8,8.88888888888889,8.88888888888889,8.88888888888889,-0.7447331430898737
9,10.0,10.0,10.0,-0.10265607516438743
