step,x,y,z,energy
0,0.0,0.0,0.0,-1.1165189994953095
1,1.1111111111111112,1.1111111111111112,1.1111111111111112,1.1310864870823665
2,2.2222222222222223,2.2222222222222223,2.2222222222222223,1.5453221712310852
3,3.3333333333333335,3.3333333333333335,3.3333333333333335,-0.11696249670277004
4,4.444444444444445,4.444444444444445,4.444444444444445,-1.4686595514675596
5,5.555555555555555,5.555555555555555,5.555555555555555,-0.2863279825052571
6,6.666666666666667,6.666666666666667,6.666666666666667,1.2213007608581166
7,7.777777777777779,7.777777777777779,7.777777777777779,1.1538351824721496
8,8.88888888888889,8.88888888888889,8.88888888888889,0.5720431599785425
9,10.0,10.0,10.0,-1.2536850141998162
