step,x,y,z,energy
0,0.0,0.0,0.0,0.345045734342483
1,1.1111111111111112,1.1111111111111112,1.1111111111111112,0.4941037814716339
2,2.2222222222222223,2.2222222222222223,2.2222222222222223,-0.025783408083996973
3,3.3333333333333335,3.3333333333333335,3.3333333333333335,0.5047986258241883
4,4.444444444444445,4.444444444444445,4.444444444444445,-0.7626212328866563
5,5.555555555555555,5.555555555555555,5.555555555555555,0.6677019551308228
6,6.666666666666667,6.666666666666667,6.666666666666667,0.13043960719797426
7,7.777777777777779,7.777777777777779,7.777777777777779,0.5073489313272743
8,8.88888888888889,8.88888888888889,8.88888888888889,-1.2112944685601688
9,10.0,10.0,10.0,-0.6426066980336852
