step,x,y,z,energy
0,0.0,0.0,0.0,0.23012509480012167
1,1.1111111111111112,1.1111111111111112,1.1111111111111112,0.7059841120629711
2,2.2222222222222223,2.2222222222222223,2.2222222222222223,-0.30414307226834986
3,3.3333333333333335,3.3333333333333335,3.3333333333333335,1.2235395857422833
4,4.444444444444445,4.444444444444445,4.444444444444445,-0.21470337489063276
5,5.555555555555555,5.555555555555555,5.555555555555555,-0.31858083227462214
6,6.666666666666667,6.666666666666667,6.666666666666667,0.9215183629246133
7,7.777777777777779,7.777777777777779,7.777777777777779,-0.48646266812123234
8,8.88888888888889,8.88888888888889,8.88888888888889,0.4553915009501967
9,10.0,10.0,10.0,-0.3329070386372477
