step,x,y,z,energy
0,0.0,0.0,0.0,1.2894385781626934
1,1.1111111111111112,1.1111111111111112,1.1111111111111112,2.1986798495192343
2,2.2222222222222223,2.2222222222222223,2.2222222222222223,-0.541738268203653
3,3.3333333333333335,3.3333333333333335,3.3333333333333335,0.10974844726426201
4,4.444444444444445,4.444444444444445,4.444444444444445,0.21351932293397147
5,5.555555555555555,5.555555555555555,5.555555555555555,-0.537623542230481
6,6.666666666666667,6.666666666666667,6.666666666666667,0.49993070243622506
7,7.777777777777779,7.777777777777779,7.777777777777779,0.33292980944483874
8,8.88888888888889,8.88888888888889,8.88888888888889,0.776739947636136
9,10.0,10.0,10.0,-1.0110113622663237
