step,x,y,z,energy
0,0.0,0.0,0.0,-0.7743199106439523
1,1.1111111111111112,1.1111111111111112,1.1111111111111112,-0.8718537770757653
2,2.2222222222222223,2.2222222222222223,2.2222222222222223,-0.0854173261166095
3,3.3333333333333335,3.3333333333333335,3.3333333333333335,0.8152048563392265
4,4.444444444444445,4.444444444444445,4.444444444444445,0.17928719661563544
5,5.555555555555555,5.555555555555555,5.555555555555555,-1.868642215054448
6,6.666666666666667,6.666666666666667,6.666666666666667,-0.33238516374962435
7,7.777777777777779,7.777777777777779,7.777777777777779,0.1583026830233912
8,8.88888888888889,8.88888888888889,8.88888888888889,-0.38281876317342817
9,10.0,10.0,10.0,-1.537320122017752
