step,x,y,z,energy
0,0.0,0.0,0.0,-0.671657597560484
1,1.1111111111111112,1.1111111111111112,1.1111111111111112,-0.9433538083760182
2,2.2222222222222223,2.2222222222222223,2.2222222222222223,-0.35522517725477815
3,3.3333333333333335,3.3333333333333335,3.3333333333333335,0.46553535953126857
4,4.444444444444445,4.444444444444445,4.444444444444445,-0.8413640572887192
5,5.555555555555555,5.555555555555555,5.555555555555555,-0.8403841745022635
6,6.666666666666667,6.666666666666667,6.666666666666667,1.2659193029255704
7,7.777777777777779,7.777777777777779,7.777777777777779,1.2685002744818075
8,8.88888888888889,8.88888888888889,8.88888888888889,-0.3430408486347828
9,10.0,10.0,10.0,-0.44006260683037524
