step,x,y,z,energy
0,0.0,0.0,0.0,-1.2185208906499125
1,1.1111111111111112,1.1111111111111112,1.1111111111111112,-2.0342351445117295
2,2.2222222222222223,2.2222222222222223,2.2222222222222223,-0.6683265469242311
3,3.3333333333333335,3.3333333333333335,3.3333333333333335,0.15224799016910412
4,4.444444444444445,4.444444444444445,4.444444444444445,-0.33278120879689765
5,5.555555555555555,5.555555555555555,5.555555555555555,-1.9507829242219235
6,6.666666666666667,6.666666666666667,6.666666666666667,0.8373270482395763
7,7.777777777777779,7.777777777777779,7.777777777777779,0.9789447679627913
8,8.88888888888889,8.88888888888889,8.88888888888889,0.8248792072678314
9,10.0,10.0,10.0,-1.0429123843966932
