step,x,y,z,energy
0,0.0,0.0,0.0,0.953649987866677
1,1.1111111111111112,1.1111111111111112,1.1111111111111112,0.3567485760715605
2,2.2222222222222223,2.2222222222222223,2.2222222222222223,2.1659013984879167
3,3.3333333333333335,3.3333333333333335,3.3333333333333335,-0.22535516365879907
4,4.444444444444445,4.444444444444445,4.444444444444445,0.3288363668125455
5,5.555555555555555,5.555555555555555,5.555555555555555,-1.343040214683329
6,6.666666666666667,6.666666666666667,6.666666666666667,-0.18044944344182595
7,7.777777777777779,7.777777777777779,7.777777777777779,-0.7820382396342448
8,8.88888888888889,8.88888888888889,8.88888888888889,-0.38054195768476595
9,10.0,10.0,10.0,-1.1343719622138033
