step,x,y,z,energy
0,0.0,0.0,0.0,0.4815325079071265
1,1.1111111111111112,1.1111111111111112,1.1111111111111112,-0.4995956994391874
2,2.2222222222222223,2.2222222222222223,2.2222222222222223,1.0752750124871944
3,3.3333333333333335,3.3333333333333335,3.3333333333333335,-0.2545733139685318
4,4.444444444444445,4.444444444444445,4.444444444444445,0.14182253662079167
5,5.555555555555555,5.555555555555555,5.555555555555555,0.5592934807319877
6,6.666666666666667,6.666666666666667,6.666666666666667,2.997836057011663
7,7.777777777777779,7.777777777777779,7.777777777777779,-1.006122661711311
8,8.88888888888889,8.88888888888889,8.88888888888889,0.3326046774151909
9,10.0,10.0,10.0,-0.1128786135314653
