step,x,y,z,energy
0,0.0,0.0,0.0,0.4697823392628399
1,1.1111111111111112,1.1111111111111112,1.1111111111111112,1.526974741847533
2,2.2222222222222223,2.2222222222222223,2.2222222222222223,0.10719853854734059
3,3.3333333333333335,3.3333333333333335,3.3333333333333335,-0.751706101566478
4,4.444444444444445,4.444444444444445,4.444444444444445,1.4526612942798758
5,5.555555555555555,5.555555555555555,5.555555555555555,-0.23437237379389975
6,6.666666666666667,6.666666666666667,6.666666666666667,-0.11866140649773489
7,7.777777777777779,7.777777777777779,7.777777777777779,0.454435469403669
8,8.88888888888889,8.88888888888889,8.88888888888889,-1.8475528398388852
9,10.0,10.0,10.0,-1.525664977299918
