step,x,y,z,energy
0,0.0,0.0,0.0,-0.7459676405566098
1,1.1111111111111112,1.1111111111111112,1.1111111111111112,0.1816430077867949
2,2.2222222222222223,2.2222222222222223,2.2222222222222223,-0.06212643860830179
3,3.3333333333333335,3.3333333333333335,3.3333333333333335,0.31863989940040577
4,4.444444444444445,4.444444444444445,4.444444444444445,-0.339713541285119
5,5.555555555555555,5.555555555555555,5.555555555555555,1.4062869284470298
6,6.666666666666667,6.666666666666667,6.666666666666667,-0.5987311067170508
7,7.777777777777779,7.777777777777779,7.777777777777779,1.102797893334769
8,8.88888888888889,8.88888888888889,8.88888888888889,0.017635872546436393
9,10.0,10.0,10.0,-0.6872129582057008
