step,x,y,z,energy
0,0.0,0.0,0.0,-0.6420363001604691
1,1.1111111111111112,1.1111111111111112,1.1111111111111112,0.05410054704547692
2,2.2222222222222223,2.2222222222222223,2.2222222222222223,0.7812669200294784
3,3.3333333333333335,3.3333333333333335,3.3333333333333335,-2.0588199727682177
4,4.444444444444445,4.444444444444445,4.444444444444445,1.3552328494043984
5,5.555555555555555,5.555555555555555,5.555555555555555,-1.0041769095018755
6,6.666666666666667,6.666666666666667,6.666666666666667,-0.2992504816499342
7,7.777777777777779,7.777777777777779,7.777777777777779,0.13312290637930083
8,8.88888888888889,8.88888888888889,8.88888888888889,-0.43693688804264325
9,10.0,10.0,10.0,1.1426914335966345
