step,x,y,z,energy
0,0.0,0.0,0.0,1.3975825662967334
1,1.1111111111111112,1.1111111111111112,1.1111111111111112,0.793536677105862
2,2.2222222222222223,2.2222222222222223,2.2222222222222223,0.9214649270288168
3,3.3333333333333335,3.3333333333333335,3.3333333333333335,0.2869004984167905
4,4.444444444444445,4.444444444444445,4.444444444444445,-0.27972226427517577
5,5.555555555555555,5.555555555555555,5.555555555555555,-0.5729013983551399
6,6.666666666666667,6.666666666666667,6.666666666666667,-1.1533343810341834
7,7.777777777777779,7.777777777777779,7.777777777777779,0.7515717929054574
8,8.88888888888889,8.88888888888889,8.88888888888889,-1.3225219257819476
9,10.0,10.0,10.0,-1.2535641564570252
