step,x,y,z,energy
0,0.0,0.0,0.0,-1.9877030251287833
1,1.1111111111111112,1.1111111111111112,1.1111111111111112,-1.2201639709226513
2,2.2222222222222223,2.2222222222222223,2.2222222222222223,-0.21927347631624486
3,3.3333333333333335,3.3333333333333335,3.3333333333333335,0.06839745474202956
4,4.444444444444445,4.444444444444445,4.444444444444445,-1.0434002910435687
5,5.555555555555555,5.555555555555555,5.555555555555555,-0.7591800114658416
6,6.666666666666667,6.666666666666667,6.666666666666667,-0.7749629521696851
7,7.777777777777779,7.777777777777779,7.777777777777779,1.5414730911910004
8,8.88888888888889,8.88888888888889,8.88888888888889,0.9848995923685128
9,10.0,10.0,10.0,-0.4246373499092192
