step,x,y,z,energy
0,0.0,0.0,0.0,2.1247968800690002
1,1.1111111111111112,1.1111111111111112,1.1111111111111112,0.9312942202266966
2,2.2222222222222223,2.2222222222222223,2.2222222222222223,0.37758123295746165
3,3.3333333333333335,3.3333333333333335,3.3333333333333335,-1.5188107018415986
4,4.444444444444445,4.444444444444445,4.444444444444445,1.0396803185170251
5,5.555555555555555,5.555555555555555,5.555555555555555,0.324259407227955
6,6.666666666666667,6.666666666666667,6.666666666666667,1.3560226513517024
7,7.777777777777779,7.777777777777779,7.777777777777779,0.7851685171746837
8,8.88888888888889,8.88888888888889,8.88888888888889,1.103000388995116
9,10.0,10.0,10.0,0.4295389486375101
