step,x,y,z,energy
0,0.0,0.0,0.0,-2.4285517922605746
1,1.1111111111111112,1.1111111111111112,1.1111111111111112,0.10950741406781919
2,2.2222222222222223,2.2222222222222223,2.2222222222222223,-0.07887339522116998
3,3.3333333333333335,3.3333333333333335,3.3333333333333335,-1.6781321068890858
4,4.444444444444445,4.444444444444445,4.444444444444445,0.8809039835250095
5,5.555555555555555,5.555555555555555,5.555555555555555,-0.46129763926268613
6,6.666666666666667,6.666666666666667,6.666666666666667,-0.19411160978521072
7,7.777777777777779,7.777777777777779,7.777777777777779,0.8548884615329838
8,8.88888888888889,8.88888888888889,8.88888888888889,-0.20862370013304085
9,10.0,10.0,10.0,0.2804412447729166
