step,x,y,z,energy
0,0.0,0.0,0.0,0.5219746667240112
1,1.1111111111111112,1.1111111111111112,1.1111111111111112,0.9918319419536589
2,2.2222222222222223,2.2222222222222223,2.2222222222222223,0.83520213991343
3,3.3333333333333335,3.3333333333333335,3.3333333333333335,-0.027823694241350946
4,4.444444444444445,4.444444444444445,4.444444444444445,1.9438272587683096
5,5.555555555555555,5.555555555555555,5.555555555555555,0.2282288940891527
6,6.666666666666667,6.666666666666667,6.666666666666667,-0.31070349904812616
7,7.777777777777779,7.777777777777779,7.777777777777779,-0.34756963948880637
8,8.88888888888889,8.88888888888889,8.88888888888889,0.23946664153593863
9,10.0,10.0,10.0,1.8170360447996559
