step,x,y,z,energy
0,0.0,0.0,0.0,-0.08858420562010799
1,1.1111111111111112,1.1111111111111112,1.1111111111111112,-2.851747207289475
2,2.2222222222222223,2.2222222222222223,2.2222222222222223,-0.381718665332931
3,3.3333333333333335,3.3333333333333335,3.3333333333333335,0.2942531947215723
4,4.444444444444445,4.444444444444445,4.444444444444445,-0.004960129513955977
5,5.555555555555555,5.555555555555555,5.555555555555555,-0.5325798976541761
6,6.666666666666667,6.666666666666667,6.666666666666667,-1.787505537675499
7,7.777777777777779,7.777777777777779,7.777777777777779,-1.211804322221664
8,8.88888888888889,8.88888888888889,8.88888888888889,1.0023721400214547
9,10.0,10.0,10.0,1.196966111183198
