step,x,y,z,energy
0,0.0,0.0,0.0,-0.18929907240759886
1,1.1111111111111112,1.1111111111111112,1.1111111111111112,0.07054504955533955
2,2.2222222222222223,2.2222222222222223,2.2222222222222223,0.2935471253704582
3,3.3333333333333335,3.3333333333333335,3.3333333333333335,0.24422094763590857
4,4.444444444444445,4.444444444444445,4.444444444444445,1.5088585280432296
5,5.555555555555555,5.555555555555555,5.555555555555555,-1.6237621993981528
6,6.666666666666667,6.666666666666667,6.666666666666667,0.4958735670443853
7,7.777777777777779,7.777777777777779,7.777777777777779,0.38085668789265076
8,8.88888888888889,8.88888888888889,8.88888888888889,0.4670046752682297
9,10.0,10.0,10.0,0.42709532970714453
