step,x,y,z,energy
0,0.0,0.0,0.0,-0.011358725438025461
1,1.1111111111111112,1.1111111111111112,1.1111111111111112,0.10388677725147792
2,2.2222222222222223,2.2222222222222223,2.2222222222222223,0.4802551105472477
3,3.3333333333333335,3.3333333333333335,3.3333333333333335,0.09113947289530774
4,4.444444444444445,4.444444444444445,4.444444444444445,-0.8219620613285636
5,5.555555555555555,5.555555555555555,5.555555555555555,1.8494988526267775
6,6.666666666666667,6.666666666666667,6.666666666666667,0.4190635991484499
7,7.777777777777779,7.777777777777779,7.777777777777779,0.46689656883233127
8,8.88888888888889,8.88888888888889,8.88888888888889,-0.16399300655525495
9,10.0,10.0,10.0,-1.3657106568194357
