step,x,y,z,energy
0,0.0,0.0,0.0,-0.8658443146511038
1,1.1111111111111112,1.1111111111111112,1.1111111111111112,1.0325324306165051
2,2.2222222222222223,2.2222222222222223,2.2222222222222223,0.26057780623675597
3,3.3333333333333335,3.3333333333333335,3.3333333333333335,0.9771706896483244
4,4.444444444444445,4.444444444444445,4.444444444444445,0.7561020153980375
5,5.555555555555555,5.555555555555555,5.555555555555555,-1.9742826328639622
6,6.666666666666667,6.666666666666667,6.666666666666667,0.3221961855409866
7,7.777777777777779,7.777777777777779,7.777777777777779,0.5433507514351587
8,8.88888888888889,8.88888888888889,8.88888888888889,-0.37710099589939683
9,10.0,10.0,10.0,-0.5932568305530698
