step,x,y,z,energy
0,0.0,0.0,0.0,-0.10882892831324115
1,1.1111111111111112,1.1111111111111112,1.1111111111111112,1.5364021091180964
2,2.2222222222222223,2.2222222222222223,2.2222222222222223,0.3574175466163632
3,3.3333333333333335,3.3333333333333335,3.3333333333333335,2.0044982812949264
4,4.444444444444445,4.444444444444445,4.444444444444445,1.488808479226406
5,5.555555555555555,5.555555555555555,5.555555555555555,-0.5268031771938122
6,6.666666666666667,6.666666666666667,6.666666666666667,0.5578315537485854
7,7.777777777777779,7.777777777777779,7.777777777777779,-0.6253592612501503
8,8.88888888888889,8.88888888888889,8.88888888888889,1.422971931811108
9,10.0,10.0,10.0,-0.13824981432995506
