step,x,y,z,energy
0,0.0,0.0,0.0,0.29988480409795154
1,1.1111111111111112,1.1111111111111112,1.1111111111111112,-0.04727352629120286
2,2.2222222222222223,2.2222222222222223,2.2222222222222223,0.7236403484042011
3,3.3333333333333335,3.3333333333333335,3.3333333333333335,-0.09064974948217581
4,4.444444444444445,4.444444444444445,4.444444444444445,1.1466435687819128
5,5.555555555555555,5.555555555555555,5.555555555555555,-0.7363006253749101
6,6.666666666666667,6.666666666666667,6.666666666666667,-0.15257937822557996
7,7.777777777777779,7.777777777777779,7.777777777777779,-1.457182994196803
8,8.88888888888889,8.88888888888889,8.88888888888889,0.22590591522179865
9,10.0,10.0,10.0,-0.295575030143479
