step,x,y,z,energy
0,0.0,0.0,0.0,0.35601695742895256
1,1.1111111111111112,1.1111111111111112,1.1111111111111112,-0.11527816791148357
2,2.2222222222222223,2.2222222222222223,2.2222222222222223,0.793538594530448
3,3.3333333333333335,3.3333333333333335,3.3333333333333335,0.9451211265344293
4,4.444444444444445,4.444444444444445,4.444444444444445,0.4093575862435499
5,5.555555555555555,5.555555555555555,5.555555555555555,-0.16125790874045948
6,6.666666666666667,6.666666666666667,6.666666666666667,-0.6229730446078234
7,7.777777777777779,7.777777777777779,7.777777777777779,1.170775898284415
8,8.88888888888889,8.88888888888889,8.88888888888889,0.15747327530570787
9,10.0,10.0,10.0,1.241373859521996
