step,x,y,z,energy
0,0.0,0.0,0.0,-1.166801410935133
1,1.1111111111111112,1.1111111111111112,1.1111111111111112,1.0044441747209163
2,2.2222222222222223,2.2222222222222223,2.2222222222222223,0.21271315259415027
3,3.3333333333333335,3.3333333333333335,3.3333333333333335,0.7344281413071789
4,4.444444444444445,4.444444444444445,4.444444444444445,0.07418083521624813
5,5.555555555555555,5.555555555555555,5.555555555555555,-1.7749585503697252
6,6.666666666666667,6.666666666666667,6.666666666666667,0.38562278552235
7,7.777777777777779,7.777777777777779,7.777777777777779,-0.6809985011863987
8,8.88888888888889,8.88888888888889,8.88888888888889,0.3646246132209467
9,10.0,10.0,10.0,0.615786379347614
