step,x,y,z,energy
0,0.0,0.0,0.0,-0.8151250547628615
1,1.1111111111111112,1.1111111111111112,1.1111111111111112,-0.272678218333966
2,2.2222222222222223,2.2222222222222223,2.2222222222222223,-0.1253127210068407
3,3.3333333333333335,3.3333333333333335,3.3333333333333335,-0.8356463159616926
4,4.444444444444445,4.444444444444445,4.444444444444445,0.09144897976407003
5,5.555555555555555,5.555555555555555,5.555555555555555,-0.9615682996330205
6,6.666666666666667,6.666666666666667,6.666666666666667,-0.170440471365212
7,7.777777777777779,7.777777777777779,7.777777777777779,0.5105689583123306
8,8.88888888888889,8.88888888888889,8.88888888888889,-0.1444624668167357
9,10.0,10.0,10.0,0.42187438648906717
