step,x,y,z,energy
0,0.0,0.0,0.0,0.8055665058438997
1,1.1111111111111112,1.1111111111111112,1.1111111111111112,0.7560678407390512
2,2.2222222222222223,2.2222222222222223,2.2222222222222223,0.5342148946116504
3,3.3333333333333335,3.3333333333333335,3.3333333333333335,1.5582031986046794
4,4.444444444444445,4.444444444444445,4.444444444444445,0.7200810604523735
5,5.555555555555555,5.555555555555555,5.555555555555555,-1.3291361703090556
6,6.666666666666667,6.666666666666667,6.666666666666667,0.8318385499253622
7,7.777777777777779,7.777777777777779,7.777777777777779,-1.9259922756056924
8,8.88888888888889,8.88888888888889,8.88888888888889,-0.8600436378562906
9,10.0,10.0,10.0,-1.7480362298100272
