step,x,y,z,energy
0,0.0,0.0,0.0,0.33466022073386903
1,1.1111111111111112,1.1111111111111112,1.1111111111111112,-1.3724540312501288
2,2.2222222222222223,2.2222222222222223,2.2222222222222223,0.25022119160898076
3,3.3333333333333335,3.3333333333333335,3.3333333333333335,-0.6713347363152977
4,4.444444444444445,4.444444444444445,4.444444444444445,1.0594997834736555
5,5.555555555555555,5.555555555555555,5.555555555555555,0.3614090645008657
6,6.666666666666667,6.666666666666667,6.666666666666667,-0.34105825711104926
7,7.777777777777779,7.777777777777779,7.777777777777779,0.09319948828468332
8,8.88888888888889,8.88888888888889,8.88888888888889,-0.2509007385039275
9,10.0,10.0,10.0,-0.4015205461863714
