step,x,y,z,energy
0,0.0,0.0,0.0,0.5613956175972094
1,1.1111111111111112,1.1111111111111112,1.1111111111111112,-0.882523405282357
2,2.2222222222222223,2.2222222222222223,2.2222222222222223,-0.25070334349825096
3,3.3333333333333335,3.3333333333333335,3.3333333333333335,1.4160892517176649
4,4.444444444444445,4.444444444444445,4.444444444444445,0.3751347344188985
5,5.555555555555555,5.555555555555555,5.555555555555555,1.6327050896650575
6,6.666666666666667,6.666666666666667,6.666666666666667,1.2078164055110612
7,7.777777777777779,7.777777777777779,7.777777777777779,-0.33662995813697383
8,8.88888888888889,8.88888888888889,8.88888888888889,0.9670052512140965
9,10.0,10.0,10.0,0.27581647470767084
