step,x,y,z,energy
0,0.0,0.0,0.0,0.15294419043515983
1,1.1111111111111112,1.1111111111111112,1.1111111111111112,1.7729243909242578
2,2.2222222222222223,2.2222222222222223,2.2222222222222223,-0.5524856653415566
3,3.3333333333333335,3.3333333333333335,3.3333333333333335,0.571270019418505
4,4.444444444444445,4.444444444444445,4.444444444444445,0.3417533058843263
5,5.555555555555555,5.555555555555555,5.555555555555555,-0.11304172452633127
6,6.666666666666667,6.666666666666667,6.666666666666667,0.8083419884081694
7,7.777777777777779,7.777777777777779,7.777777777777779,-1.4241295033216226
8,8.88888888888889,8.88888888888889,8.88888888888889,0.7197105483271903
9,10.0,10.0,10.0,-2.0116169359164866
