step,x,y,z,energy
0,0.0,0.0,0.0,-2.2134404445599265
1,1.1111111111111112,1.1111111111111112,1.1111111111111112,-0.3199644145080278
2,2.2222222222222223,2.2222222222222223,2.2222222222222223,0.8259274754822106
3,3.3333333333333335,3.3333333333333335,3.3333333333333335,0.8505566541520443
4,4.444444444444445,4.444444444444445,4.444444444444445,-1.2849617313931203
5,5.555555555555555,5.555555555555555,5.555555555555555,-0.7078537907579985
6,6.666666666666667,6.666666666666667,6.666666666666667,0.9444019254489653
7,7.777777777777779,7.777777777777779,7.777777777777779,0.6719288610189462
8,8.88888888888889,8.88888888888889,8.88888888888889,1.5327132932639795
9,10.0,10.0,10.0,-1.9682505321245627
