step,x,y,z,energy
0,0.0,0.0,0.0,-1.3662868591891002
1,1.1111111111111112,1.1111111111111112,1.1111111111111112,1.061464180274301
2,2.2222222222222223,2.2222222222222223,2.2222222222222223,0.7010921275381512
3,3.3333333333333335,3.3333333333333335,3.3333333333333335,-0.923922749636482
4,4.444444444444445,4.444444444444445,4.444444444444445,-0.43535131012309014
5,5.555555555555555,5.555555555555555,5.555555555555555,-0.38110718472949706
6,6.666666666666667,6.666666666666667,6.666666666666667,-0.9834019167237587
7,7.777777777777779,7.777777777777779,7.777777777777779,-0.522848618341284
8,8.88888888888889,8.88888888888889,8.88888888888889,0.16105928489507443
9,10.0,10.0,10.0,-0.4639689663853025
