step,x,y,z,energy
0,0.0,0.0,0.0,0.5142250622306404
1,1.1111111111111112,1.1111111111111112,1.1111111111111112,-0.7465173711200973
2,2.2222222222222223,2.2222222222222223,2.2222222222222223,0.9012929769796522
3,3.3333333333333335,3.3333333333333335,3.3333333333333335,1.7950905374296484
4,4.444444444444445,4.444444444444445,4.444444444444445,0.6308093300582474
5,5.555555555555555,5.555555555555555,5.555555555555555,-0.7271364868162774
6,6.666666666666667,6.666666666666667,6.666666666666667,0.5294447465667219
7,7.777777777777779,7.777777777777779,7.777777777777779,1.7511207694052087
8,8.88888888888889,8.88888888888889,8.88888888888889,1.21728979024115
9,10.0,10.0,10.0,-0.8347090151718416
