step,x,y,z,energy
0,0.0,0.0,0.0,0.4596435582433684
1,1.1111111111111112,1.1111111111111112,1.1111111111111112,1.4793040420964487
2,2.2222222222222223,2.2222222222222223,2.2222222222222223,0.17224972608240452
3,3.3333333333333335,3.3333333333333335,3.3333333333333335,-0.6043245573232858
4,4.444444444444445,4.444444444444445,4.444444444444445,0.667074946104471
5,5.555555555555555,5.555555555555555,5.555555555555555,-0.23321178893453592
6,6.666666666666667,6.666666666666667,6.666666666666667,0.5603775304449925
7,7.777777777777779,7.777777777777779,7.777777777777779,0.44042266600885294
8,8.88888888888889,8.88888888888889,8.88888888888889,-0.16934692927827608
9,10.0,10.0,10.0,-1.6291335141063057
