step,x,y,z,energy
0,0.0,0.0,0.0,-0.11273411246983954
1,1.1111111111111112,1.1111111111111112,1.1111111111111112,0.5536155428744661
2,2.2222222222222223,2.2222222222222223,2.2222222222222223,-0.22184574813164332
3,3.3333333333333335,3.3333333333333335,3.3333333333333335,0.5113419403888635
4,4.444444444444445,4.444444444444445,4.444444444444445,-0.14095902052045567
5,5.555555555555555,5.555555555555555,5.555555555555555,-0.6423855253537512
6,6.666666666666667,6.666666666666667,6.666666666666667,-0.40830710274939186
7,7.777777777777779,7.777777777777779,7.777777777777779,-1.2216312004672123
8,8.88888888888889,8.88888888888889,8.88888888888889,-1.1129220833200995
9,10.0,10.0,10.0,0.5527623036378633
