step,x,y,z,energy
0,0.0,0.0,0.0,-1.5924434166841062
1,1.1111111111111112,1.1111111111111112,1.1111111111111112,0.6104608710508467
2,2.2222222222222223,2.2222222222222223,2.2222222222222223,-0.05091770624566719
3,3.3333333333333335,3.3333333333333335,3.3333333333333335,-1.0773361146037677
4,4.444444444444445,4.444444444444445,4.444444444444445,-0.35167201469412035
5,5.555555555555555,5.555555555555555,5.555555555555555,0.42568292924205015
6,6.666666666666667,6.666666666666667,6.666666666666667,0.3373448593882556
7,7.777777777777779,7.777777777777779,7.777777777777779,-0.08949102425193489
8,8.88888888888889,8.88888888888889,8.88888888888889,-0.5818275739033876
9,10.0,10.0,10.0,-0.01817626184129119
