step,x,y,z,energy
0,0.0,0.0,0.0,-0.13246572952447136
1,1.1111111111111112,1.1111111111111112,1.1111111111111112,-0.7667831668918875
2,2.2222222222222223,2.2222222222222223,2.2222222222222223,-0.2999006037481924
3,3.3333333333333335,3.3333333333333335,3.3333333333333335,0.7891065867850514
4,4.444444444444445,4.444444444444445,4.444444444444445,-0.6341974003024455
5,5.555555555555555,5.555555555555555,5.555555555555555,0.5455548932488097
6,6.666666666666667,6.666666666666667,6.666666666666667,2.3690768297013216
7,7.777777777777779,7.777777777777779,7.777777777777779,1.1322836633385491
8,8.88888888888889,8.88888888888889,8.88888888888889,0.11232520160071051
9,10.0,10.0,10.0,-1.5376870999730003
