step,x,y,z,energy
0,0.0,0.0,0.0,0.6524375168839316
1,1.1111111111111112,1.1111111111111112,1.1111111111111112,0.0707113026361449
2,2.2222222222222223,2.2222222222222223,2.2222222222222223,-1.133817217350658
3,3.3333333333333335,3.3333333333333335,3.3333333333333335,-1.765987270235498
4,4.444444444444445,4.444444444444445,4.444444444444445,0.4621159287884618
5,5.555555555555555,5.555555555555555,5.555555555555555,-1.3312759029950683
6,6.666666666666667,6.666666666666667,6.666666666666667,0.8474918132919985
7,7.777777777777779,7.777777777777779,7.777777777777779,0.6710975066391207
8,8.88888888888889,8.88888888888889,8.88888888888889,0.11680190104554793
9,10.0,10.0,10.0,0.6045804437388731
