step,x,y,z,energy
0,0.0,0.0,0.0,0.623600391784278
1,1.1111111111111112,1.1111111111111112,1.1111111111111112,-0.49989123843050737
2,2.2222222222222223,2.2222222222222223,2.2222222222222223,0.21573480004145373
3,3.3333333333333335,3.3333333333333335,3.3333333333333335,-0.35840886518375203
4,4.444444444444445,4.444444444444445,4.444444444444445,0.4268844311638882
5,5.555555555555555,5.555555555555555,5.555555555555555,1.433637965248276
6,6.666666666666667,6.666666666666667,6.666666666666667,-0.6107022772773693
7,7.777777777777779,7.777777777777779,7.777777777777779,0.31908461915136654
8,8.88888888888889,8.88888888888889,8.88888888888889,0.08862234796122992
9,10.0,10.0,10.0,0.4583198779274385
