step,x,y,z,energy
0,0.0,0.0,0.0,0.4409652404994761
1,1.1111111111111112,1.1111111111111112,1.1111111111111112,0.11254840367276617
2,2.2222222222222223,2.2222222222222223,2.2222222222222223,0.8764906368393971
3,3.3333333333333335,3.3333333333333335,3.3333333333333335,-0.7037548196924003
4,4.444444444444445,4.444444444444445,4.444444444444445,0.21048135856464764
5,5.555555555555555,5.555555555555555,5.555555555555555,-0.15158381160291934
6,6.666666666666667,6.666666666666667,6.666666666666667,1.5562365823313085
7,7.777777777777779,7.777777777777779,7.777777777777779,-1.7770444845328022
8,8.88888888888889,8.88888888888889,8.88888888888889,-1.218366393236795
9,10.0,10.0,10.0,-0.45559904933376416
