step,x,y,z,energy
0,0.0,0.0,0.0,0.40984120888150277
1,1.1111111111111112,1.1111111111111112,1.1111111111111112,0.13340396576005725
2,2.2222222222222223,2.2222222222222223,2.2222222222222223,-0.1637000244649404
3,3.3333333333333335,3.3333333333333335,3.3333333333333335,-0.731665101199786
4,4.444444444444445,4.444444444444445,4.444444444444445,-0.43623117387237426
5,5.555555555555555,5.555555555555555,5.555555555555555,0.7942337501016039
6,6.666666666666667,6.666666666666667,6.666666666666667,1.2252782466266463
7,7.777777777777779,7.777777777777779,7.777777777777779,-1.3591216048657553
8,8.88888888888889,8.88888888888889,8.88888888888889,0.0027597872234766223
9,10.0,10.0,10.0,0.42240652010156265
