step,x,y,z,energy
0,0.0,0.0,0.0,0.3230677164766182
1,1.1111111111111112,1.1111111111111112,1.1111111111111112,-0.5481716453077139
2,2.2222222222222223,2.2222222222222223,2.2222222222222223,0.04111635400534939
3,3.3333333333333335,3.3333333333333335,3.3333333333333335,-1.5416146723104538
4,4.444444444444445,4.444444444444445,4.444444444444445,0.5868231656509182
5,5.555555555555555,5.555555555555555,5.555555555555555,0.08703472837957867
6,6.666666666666667,6.666666666666667,6.666666666666667,-1.7116052163685613
7,7.777777777777779,7.777777777777779,7.777777777777779,-0.4410953628918641
8,8.88888888888889,8.88888888888889,8.88888888888889,0.04656864557740929
9,10.0,10.0,10.0,-0.7152967143898941
