step,x,y,z,energy
0,0.0,0.0,0.0,-0.30090166911896976
1,1.1111111111111112,1.1111111111111112,1.1111111111111112,0.668643889994709
2,2.2222222222222223,2.2222222222222223,2.2222222222222223,-0.18706359640010903
3,3.3333333333333335,3.3333333333333335,3.3333333333333335,1.1284974825610892
4,4.444444444444445,4.444444444444445,4.444444444444445,-0.08187967573412118
5,5.555555555555555,5.555555555555555,5.555555555555555,0.4781620058510087
6,6.666666666666667,6.666666666666667,6.666666666666667,0.3155017552848254
7,7.777777777777779,7.777777777777779,7.777777777777779,0.11079823634931965
8,8.88888888888889,8.88888888888889,8.88888888888889,-1.2841485593268989
9,10.0,10.0,10.0,-1.374811131372355
