step,x,y,z,energy
0,0.0,0.0,0.0,0.14303775309039457
1,1.1111111111111112,1.1111111111111112,1.1111111111111112,-1.0685266629502792
2,2.2222222222222223,2.2222222222222223,2.2222222222222223,1.4348335351876702
3,3.3333333333333335,3.3333333333333335,3.3333333333333335,0.9356453434894176
4,4.444444444444445,4.444444444444445,4.444444444444445,0.333655460722198
5,5.555555555555555,5.555555555555555,5.555555555555555,-1.244451552450123
6,6.666666666666667,6.666666666666667,6.666666666666667,1.6999274004593756
7,7.777777777777779,7.777777777777779,7.777777777777779,1.1329243238153772
8,8.88888888888889,8.88888888888889,8.88888888888889,-0.3494511721308425
9,10.0,10.0,10.0,0.7230634907240785
