step,x,y,z,energy
0,0.0,0.0,0.0,0.09599487521807362
1,1.1111111111111112,1.1111111111111112,1.1111111111111112,0.7320512594048468
2,2.2222222222222223,2.2222222222222223,2.2222222222222223,-0.7752685140448853
3,3.3333333333333335,3.3333333333333335,3.3333333333333335,-0.4949260215538226
4,4.444444444444445,4.444444444444445,4.444444444444445,-0.2128078073418381
5,5.555555555555555,5.555555555555555,5.555555555555555,-1.0820006957967363
6,6.666666666666667,6.666666666666667,6.666666666666667,-0.9589813724458752
7,7.777777777777779,7.777777777777779,7.777777777777779,-0.5567162526676178
8,8.88888888888889,8.88888888888889,8.88888888888889,-0.9753493376845657
9,10.0,10.0,10.0,-1.2404068993361437
