step,x,y,z,energy
0,0.0,0.0,0.0,0.2223843471450198
1,1.1111111111111112,1.1111111111111112,1.1111111111111112,-0.8962527814814681
2,2.2222222222222223,2.2222222222222223,2.2222222222222223,-0.5052092371467399
3,3.3333333333333335,3.3333333333333335,3.3333333333333335,-0.6884423256702197
4,4.444444444444445,4.444444444444445,4.444444444444445,-1.6629653753583584
5,5.555555555555555,5.555555555555555,5.555555555555555,-0.17556860233249402
6,6.666666666666667,6.666666666666667,6.666666666666667,-1.0842879141471244
7,7.777777777777779,7.777777777777779,7.777777777777779,0.30288273853578335
8,8.88888888888889,8.88888888888889,8.88888888888889,-1.7137283090795048
9,10.0,10.0,10.0,-1.2127621653530516
