step,x,y,z,energy
0,0.0,0.0,0.0,0.7147545407415479
1,1.1111111111111112,1.1111111111111112,1.1111111111111112,1.6169728001898187
2,2.2222222222222223,2.2222222222222223,2.2222222222222223,-1.334170851308754
3,3.3333333333333335,3.3333333333333335,3.3333333333333335,0.5174526320687222
4,4.444444444444445,4.444444444444445,4.444444444444445,0.8306597197262743
5,5.555555555555555,5.555555555555555,5.555555555555555,0.48554465450636053
6,6.666666666666667,6.666666666666667,6.666666666666667,-0.3467830423326815
7,7.777777777777779,7.777777777777779,7.777777777777779,0.1490403458358942
8,8.88888888888889,8.88888888888889,8.88888888888889,-0.37872818214144205
9,10.0,10.0,10.0,-0.9682668786015545
