step,x,y,z,energy
0,0.0,0.0,0.0,-1.7093803255918223
1,1.1111111111111112,1.1111111111111112,1.1111111111111112,0.3480657494951191
2,2.2222222222222223,2.2222222222222223,2.2222222222222223,1.0484475187421638
3,3.3333333333333335,3.3333333333333335,3.3333333333333335,0.8477852715482421
4,4.444444444444445,4.444444444444445,4.444444444444445,-1.7521138309580722
5,5.555555555555555,5.555555555555555,5.555555555555555,-0.35245600751836753
6,6.666666666666667,6.666666666666667,6.666666666666667,1.0570678943846696
7,7.777777777777779,7.777777777777779,7.777777777777779,-0.20172824849918283
8,8.88888888888889,8.88888888888889,8.88888888888889,-0.38175193298848825
9,10.0,10.0,10.0,0.9158189129874992
