step,x,y,z,energy
0,0.0,0.0,0.0,1.1576577990009744
1,1.1111111111111112,1.1111111111111112,1.1111111111111112,-0.06982719186610777
2,2.2222222222222223,2.2222222222222223,2.2222222222222223,-0.18517881688854068
3,3.3333333333333335,3.3333333333333335,3.3333333333333335,-1.021402979238246
4,4.444444444444445,4.444444444444445,4.444444444444445,-0.025718997025461956
5,5.555555555555555,5.555555555555555,5.555555555555555,-0.8194440686330171
6,6.666666666666667,6.666666666666667,6.666666666666667,-1.721274314426086
7,7.777777777777779,7.777777777777779,7.777777777777779,-0.4796793042490291
8,8.88888888888889,8.88888888888889,8.88888888888889,1.124309469869906
9,10.0,10.0,10.0,-1.8424594404077723
