step,x,y,z,energy
0,0.0,0.0,0.0,1.9402924921741256
1,1.1111111111111112,1.1111111111111112,1.1111111111111112,-0.8123837219003989
2,2.2222222222222223,2.2222222222222223,2.2222222222222223,0.5053692278881687
3,3.3333333333333335,3.3333333333333335,3.3333333333333335,0.4978539082888722
4,4.444444444444445,4.444444444444445,4.444444444444445,1.6296851094153237
5,5.555555555555555,5.555555555555555,5.555555555555555,0.5416146844123771
6,6.666666666666667,6.666666666666667,6.666666666666667,-1.1804091257164167
7,7.777777777777779,7.777777777777779,7.777777777777779,0.265658246788129
8,8.88888888888889,8.88888888888889,8.88888888888889,0.9998822485451946
9,10.0,10.0,10.0,-0.5993944992533677
