step,x,y,z,energy
0,0.0,0.0,0.0,-0.7975236527201892
1,1.1111111111111112,1.1111111111111112,1.1111111111111112,-0.611517608860516
2,2.2222222222222223,2.2222222222222223,2.2222222222222223,-0.4981599534769964
3,3.3333333333333335,3.3333333333333335,3.3333333333333335,0.46279187119286874
4,4.444444444444445,4.444444444444445,4.444444444444445,0.48793342483054325
5,5.555555555555555,5.555555555555555,5.555555555555555,0.5946205591706292
6,6.666666666666667,6.666666666666667,6.666666666666667,-1.3766901765154937
7,7.777777777777779,7.777777777777779,7.777777777777779,-1.108477841951014
8,8.88888888888889,8.88888888888889,8.88888888888889,1.271116639938753
9,10.0,10.0,10.0,0.9971000551723512
