step,x,y,z,energy
0,0.0,0.0,0.0,0.16789101778483118
1,1.1111111111111112,1.1111111111111112,1.1111111111111112,-2.500831630320258
2,2.2222222222222223,2.2222222222222223,2.2222222222222223,-0.29650972392804814
3,3.3333333333333335,3.3333333333333335,3.3333333333333335,0.05459816983987922
4,4.444444444444445,4.444444444444445,4.444444444444445,-0.7317385495712254
5,5.555555555555555,5.555555555555555,5.555555555555555,0.0017476057070579284
6,6.666666666666667,6.666666666666667,6.666666666666667,-0.31465143204933427
7,7.777777777777779,7.777777777777779,7.777777777777779,-0.998990546878391
8,8.88888888888889,8.88888888888889,8.88888888888889,0.3507253812434145
9,10.0,10.0,10.0,1.3955837386506265
