step,x,y,z,energy
0,0.0,0.0,0.0,-0.7878076716104262
1,1.1111111111111112,1.1111111111111112,1.1111111111111112,1.3134797906290552
2,2.2222222222222223,2.2222222222222223,2.2222222222222223,-0.8744026942980525
3,3.3333333333333335,3.3333333333333335,3.3333333333333335,0.7986111864976309
4,4.444444444444445,4.444444444444445,4.444444444444445,-0.3210125842324215
5,5.555555555555555,5.555555555555555,5.555555555555555,0.25202967118003516
6,6.666666666666667,6.666666666666667,6.666666666666667,0.9088362123437319
7,7.777777777777779,7.777777777777779,7.777777777777779,-1.89878988156907
8,8.88888888888889,8.88888888888889,8.88888888888889,1.3702642832648735
9,10.0,10.0,10.0,0.4232852730127482
