step,x,y,z,energy
0,0.0,0.0,0.0,-0.7177593728491009
1,1.1111111111111112,1.1111111111111112,1.1111111111111112,-0.5240917247334583
2,2.2222222222222223,2.2222222222222223,2.2222222222222223,1.5039219342617065
3,3.3333333333333335,3.3333333333333335,3.3333333333333335,-0.5735567067641425
4,4.444444444444445,4.444444444444445,4.444444444444445,-1.0596852234477954
5,5.555555555555555,5.555555555555555,5.555555555555555,0.11155847201049203
6,6.666666666666667,6.666666666666667,6.666666666666667,0.5241282907236396
7,7.777777777777779,7.777777777777779,7.777777777777779,0.701519051149372
8,8.88888888888889,8.88888888888889,8.88888888888889,0.3073921033122752
9,10.0,10.0,10.0,1.9317460351361053
