step,x,y,z,energy
0,0.0,0.0,0.0,1.4606315469104747
1,1.1111111111111112,1.1111111111111112,1.1111111111111112,0.8274486364084178
2,2.2222222222222223,2.2222222222222223,2.2222222222222223,-0.36233544327583783
3,3.3333333333333335,3.3333333333333335,3.3333333333333335,-0.25981515945624345
4,4.444444444444445,4.444444444444445,4.444444444444445,1.5561491225459214
5,5.555555555555555,5.555555555555555,5.555555555555555,-2.0846280885524027
6,6.666666666666667,6.666666666666667,6.666666666666667,0.47008998716449624
7,7.777777777777779,7.777777777777779,7.777777777777779,0.8368974759433881
8,8.88888888888889,8.88888888888889,8.88888888888889,0.19216664680039833
9,10.0,10.0,10.0,0.137604455128779
