step,x,y,z,energy
0,0.0,0.0,0.0,0.9394032954089038
1,1.1111111111111112,1.1111111111111112,1.1111111111111112,-0.8496704066257421
2,2.2222222222222223,2.2222222222222223,2.2222222222222223,1.2983458137190185
3,3.3333333333333335,3.3333333333333335,3.3333333333333335,1.18408457042835
4,4.444444444444445,4.444444444444445,4.444444444444445,-1.6238048757186907
5,5.555555555555555,5.555555555555555,5.555555555555555,-0.6191608815082215
6,6.666666666666667,6.666666666666667,6.666666666666667,-0.5016018808860303
7,7.777777777777779,7.777777777777779,7.777777777777779,1.1366139016694299
8,8.88888888888889,8.88888888888889,8.88888888888889,0.9129300079713248
9,10.0,10.0,10.0,0.14405198339725378
