step,x,y,z,energy
0,0.0,0.0,0.0,-0.1603220526688717
1,1.1111111111111112,1.1111111111111112,1.1111111111111112,1.4734485056274311
2,2.2222222222222223,2.2222222222222223,2.2222222222222223,0.27851850440698156
3,3.3333333333333335,3.3333333333333335,3.3333333333333335,0.3317463826976102
4,4.444444444444445,4.444444444444445,4.444444444444445,-0.5629264317732514
5,5.555555555555555,5.555555555555555,5.555555555555555,1.669159529753578
6,6.666666666666667,6.666666666666667,6.666666666666667,-0.7065814890051101
7,7.777777777777779,7.777777777777779,7.777777777777779,0.6201420091567533
8,8.88888888888889,8.88888888888889,8.88888888888889,1.2773338494288322
9,10.0,10.0,10.0,0.2574490991490001
