step,x,y,z,energy
0,0.0,0.0,0.0,-2.003517396424157
1,1.1111111111111112,1.1111111111111112,1.1111111111111112,0.8554521219449848
2,2.2222222222222223,2.2222222222222223,2.2222222222222223,0.17238827066530238
3,3.3333333333333335,3.3333333333333335,3.3333333333333335,-0.23274522322440727
4,4.444444444444445,4.444444444444445,4.444444444444445,-0.14857463409300428
5,5.555555555555555,5.555555555555555,5.555555555555555,2.0199643656822994
6,6.666666666666667,6.666666666666667,6.666666666666667,-0.23692373860966326
7,7.777777777777779,7.777777777777779,7.777777777777779,-2.205893392642589
8,8.88888888888889,8.88888888888889,8.88888888888889,-1.6917121763588865
9,10.0,10.0,10.0,-0.6021499017071044
