step,x,y,z,energy
0,0.0,0.0,0.0,-0.18137501182486448
1,1.1111111111111112,1.1111111111111112,1.1111111111111112,-0.1693783728408327
2,2.2222222222222223,2.2222222222222223,2.2222222222222223,-0.6223553056621465
3,3.3333333333333335,3.3333333333333335,3.3333333333333335,1.8045345855014232
4,4.444444444444445,4.444444444444445,4.444444444444445,-1.7908706205100606
5,5.555555555555555,5.555555555555555,5.555555555555555,-0.5194071971416419
6,6.666666666666667,6.666666666666667,6.666666666666667,-1.9286866557463587
7,7.777777777777779,7.777777777777779,7.777777777777779,0.5821820509903589
8,8.88888888888889,8.88888888888889,8.88888888888889,-0.13257206479434305
9,10.0,10.0,10.0,1.582816719918297
