step,x,y,z,energy
0,0.0,0.0,0.0,-0.12636500547369844
1,1.1111111111111112,1.1111111111111112,1.1111111111111112,0.9076730933626682
2,2.2222222222222223,2.2222222222222223,2.2222222222222223,0.6059471974951594
3,3.3333333333333335,3.3333333333333335,3.3333333333333335,-0.44753186428658115
4,4.444444444444445,4.444444444444445,4.444444444444445,0.26132294661012745
5,5.555555555555555,5.555555555555555,5.555555555555555,-0.07317628313181235
6,6.666666666666667,6.666666666666667,6.666666666666667,0.31750567035982286
7,7.777777777777779,7.777777777777779,7.777777777777779,0.38732634999247834
8,8.88888888888889,8.88888888888889,8.88888888888889,-0.10696665574669462
9,10.0,10.0,10.0,0.03753998924856575
