step,x,y,z,energy
0,0.0,0.0,0.0,0.4618920235767922
1,1.1111111111111112,1.1111111111111112,1.1111111111111112,-0.9502237659134231
2,2.2222222222222223,2.2222222222222223,2.2222222222222223,-0.25295340987386983
3,3.3333333333333335,3.3333333333333335,3.3333333333333335,-1.4630533935496604
4,4.444444444444445,4.444444444444445,4.444444444444445,-0.3969228135865348
5,5.555555555555555,5.555555555555555,5.555555555555555,0.6943318478835331
6,6.666666666666667,6.666666666666667,6.666666666666667,-2.0269549209303492
7,7.777777777777779,7.777777777777779,7.777777777777779,1.0114243978841417
8,8.88888888888889,8.88888888888889,8.88888888888889,0.9934316332417958
9,10.0,10.0,10.0,-0.16812211036181562
