step,x,y,z,energy
0,0.0,0.0,0.0,1.9347837106460886
1,1.1111111111111112,1.1111111111111112,1.1111111111111112,-0.18035623194532088
2,2.2222222222222223,2.2222222222222223,2.2222222222222223,-0.27620594856771896
3,3.3333333333333335,3.3333333333333335,3.3333333333333335,-0.6957165175518809
4,4.444444444444445,4.444444444444445,4.444444444444445,-0.871303554041054
5,5.555555555555555,5.555555555555555,5.555555555555555,-0.6896435692819617
6,6.666666666666667,6.666666666666667,6.666666666666667,0.8171923252435003
7,7.777777777777779,7.777777777777779,7.777777777777779,0.9962564919914606
8,8.88888888888889,8.88888888888889,8.88888888888889,-0.7677541513373513
9,10.0,10.0,10.0,1.4361147136604104
