step,x,y,z,energy
0,0.0,0.0,0.0,1.2004418121287967
1,1.1111111111111112,1.1111111111111112,1.1111111111111112,1.2962990462981487
2,2.2222222222222223,2.2222222222222223,2.2222222222222223,-0.38816430262191104
3,3.3333333333333335,3.3333333333333335,3.3333333333333335,1.2794773526886538
4,4.444444444444445,4.444444444444445,4.444444444444445,1.2984420785983273
5,5.555555555555555,5.555555555555555,5.555555555555555,-0.6341916550985478
6,6.666666666666667,6.666666666666667,6.666666666666667,-0.6658909138307659
7,7.777777777777779,7.777777777777779,7.777777777777779,1.010245227328379
8,8.88888888888889,8.88888888888889,8.88888888888889,-1.2283282271486782
9,10.0,10.0,10.0,1.1220245190530485
