step,x,y,z,energy
0,0.0,0.0,0.0,1.3837341748726677
1,1.1111111111111112,1.1111111111111112,1.1111111111111112,-0.13730087259755044
2,2.2222222222222223,2.2222222222222223,2.2222222222222223,-0.9272934221320072
3,3.3333333333333335,3.3333333333333335,3.3333333333333335,-0.27532009546915487
4,4.444444444444445,4.444444444444445,4.444444444444445,-0.00034022493927770436
5,5.555555555555555,5.555555555555555,5.555555555555555,-0.38728517357160896
6,6.666666666666667,6.666666666666667,6.666666666666667,2.5607645751457686
7,7.777777777777779,7.777777777777779,7.777777777777779,0.4873515835576175
8,8.88888888888889,8.88888888888889,8.88888888888889,1.3850880894148603
9,10.0,10.0,10.0,0.7914271347007351
