step,x,y,z,energy
0,0.0,0.0,0.0,1.1782611371031213
1,1.1111111111111112,1.1111111111111112,1.1111111111111112,1.9141748842592283
2,2.2222222222222223,2.2222222222222223,2.2222222222222223,0.049769116551970506
3,3.3333333333333335,3.3333333333333335,3.3333333333333335,-0.389343181370308
4,4.444444444444445,4.444444444444445,4.444444444444445,1.3064751973097208
5,5.555555555555555,5.555555555555555,5.555555555555555,-0.6926427508932828
6,6.666666666666667,6.666666666666667,6.666666666666667,-0.26136845608312137
7,7.777777777777779,7.777777777777779,7.777777777777779,-0.41471122408364247
8,8.88888888888889,8.88888888888889,8.88888888888889,-0.7834783820842028
9,10.0,10.0,10.0,-0.6397020375922877
