step,x,y,z,energy
0,0.0,0.0,0.0,0.7016685392473706
1,1.1111111111111112,1.1111111111111112,1.1111111111111112,-0.5436019546169565
2,2.2222222222222223,2.2222222222222223,2.2222222222222223,0.7536210069231318
3,3.3333333333333335,3.3333333333333335,3.3333333333333335,1.0674333566242602
4,4.444444444444445,4.444444444444445,4.444444444444445,-1.7820724581807186
5,5.555555555555555,5.555555555555555,5.555555555555555,-0.6706158970056689
6,6.666666666666667,6.666666666666667,6.666666666666667,0.6368619461092848
7,7.777777777777779,7.777777777777779,7.777777777777779,-2.082776540480698
8,8.88888888888889,8.88888888888889,8.88888888888889,-0.5317338173654539
9,10.0,10.0,10.0,-0.3214182521570932
