step,x,y,z,energy
0,0.0,0.0,0.0,-0.36921267371721683
1,1.1111111111111112,1.1111111111111112,1.1111111111111112,0.8784076463592728
2,2.2222222222222223,2.2222222222222223,2.2222222222222223,0.15949215973986622
3,3.3333333333333335,3.3333333333333335,3.3333333333333335,-0.49662792361162206
4,4.444444444444445,4.444444444444445,4.444444444444445,1.736154589888828
5,5.555555555555555,5.555555555555555,5.555555555555555,2.607377480613588
6,6.666666666666667,6.666666666666667,6.666666666666667,0.8548549242323168
7,7.777777777777779,7.777777777777779,7.777777777777779,-0.2626431145744205
8,8.88888888888889,8.88888888888889,8.88888888888889,-1.4189963469797462
9,10.0,10.0,10.0,0.23915875241291604
