step,x,y,z,energy
0,0.0,0.0,0.0,-1.7632724949453074
1,1.1111111111111112,1.1111111111111112,1.1111111111111112,0.011405214192502363
2,2.2222222222222223,2.2222222222222223,2.2222222222222223,-1.5066467598524582
3,3.3333333333333335,3.3333333333333335,3.3333333333333335,0.2639098073385383
4,4.444444444444445,4.444444444444445,4.444444444444445,1.1789258554196487
5,5.555555555555555,5.555555555555555,5.555555555555555,0.6663402672608453
6,6.666666666666667,6.666666666666667,6.666666666666667,1.19372643475114
7,7.777777777777779,7.777777777777779,7.777777777777779,0.5536130055621026
8,8.88888888888889,8.88888888888889,8.88888888888889,0.6979486973907867
9,10.0,10.0,10.0,-0.11519281082793721
