step,x,y,z,energy
0,0.0,0.0,0.0,-0.2843183639150642
1,1.1111111111111112,1.1111111111111112,1.1111111111111112,-1.1598557831592402
2,2.2222222222222223,2.2222222222222223,2.2222222222222223,0.8879054304818454
3,3.3333333333333335,3.3333333333333335,3.3333333333333335,1.1295169260086284
4,4.444444444444445,4.444444444444445,4.444444444444445,0.340927731587372
5,5.555555555555555,5.555555555555555,5.555555555555555,1.099711556356034
6,6.666666666666667,6.666666666666667,6.666666666666667,0.7208696343758464
7,7.777777777777779,7.777777777777779,7.777777777777779,0.4630967888912113
8,8.88888888888889,8.88888888888889,8.88888888888889,0.22193570350208383
9,10.0,10.0,10.0,0.24826055603539698
