step,x,y,z,energy
0,0.0,0.0,0.0,-1.3098916620108059
1,1.1111111111111112,1.1111111111111112,1.1111111111111112,1.4570524351583325
2,2.2222222222222223,2.2222222222222223,2.2222222222222223,-2.1106209074064988
3,3.3333333333333335,3.3333333333333335,3.3333333333333335,-0.7498755999513461
4,4.444444444444445,4.444444444444445,4.444444444444445,0.7069792982529265
5,5.555555555555555,5.555555555555555,5.555555555555555,1.2434558908569333
6,6.666666666666667,6.666666666666667,6.666666666666667,-0.05726878500651013
7,7.777777777777779,7.777777777777779,7.777777777777779,-0.4671366895846974
8,8.88888888888889,8.88888888888889,8.88888888888889,1.036888327493815
9,10.0,10.0,10.0,-0.9010678867649553
