step,x,y,z,energy
0,0.0,0.0,0.0,-1.2851917840894336
1,1.1111111111111112,1.1111111111111112,1.1111111111111112,2.6100073565422655
2,2.2222222222222223,2.2222222222222223,2.2222222222222223,1.5366516821410081
3,3.3333333333333335,3.3333333333333335,3.3333333333333335,-2.72055754975563
4,4.444444444444445,4.444444444444445,4.444444444444445,-0.42756724135475754
5,5.555555555555555,5.555555555555555,5.555555555555555,-0.6729599481874596
6,6.666666666666667,6.666666666666667,6.666666666666667,0.14024236349898547
7,7.777777777777779,7.777777777777779,7.777777777777779,-1.6991333265862152
8,8.88888888888889,8.88888888888889,8.88888888888889,-1.0748540589018096
9,10.0,10.0,10.0,1.5470358942474496
