step,x,y,z,energy
0,0.0,0.0,0.0,0.23051361457432665
1,1.1111111111111112,1.1111111111111112,1.1111111111111112,0.661982871971589
2,2.2222222222222223,2.2222222222222223,2.2222222222222223,0.8335399284484695
3,3.3333333333333335,3.3333333333333335,3.3333333333333335,-0.4721367586053835
4,4.444444444444445,4.444444444444445,4.444444444444445,0.13469167844293398
5,5.555555555555555,5.555555555555555,5.555555555555555,-3.323262563892888
6,6.666666666666667,6.666666666666667,6.666666666666667,1.6862951420411245
7,7.777777777777779,7.777777777777779,7.777777777777779,1.0606051440522941
8,8.88888888888889,8.88888888888889,8.88888888888889,0.4496543166750666
9,10.0,10.0,10.0,1.1033586209298185
