step,x,y,z,energy
0,0.0,0.0,0.0,1.5665170634657621
1,1.1111111111111112,1.1111111111111112,1.1111111111111112,2.15511327129014
2,2.2222222222222223,2.2222222222222223,2.2222222222222223,-0.2207333328676706
3,3.3333333333333335,3.3333333333333335,3.3333333333333335,-1.0521097641653805
4,4.444444444444445,4.444444444444445,4.444444444444445,-0.6739117695648663
5,5.555555555555555,5.555555555555555,5.555555555555555,-1.5098986458807635
6,6.666666666666667,6.666666666666667,6.666666666666667,0.4473551071526363
7,7.777777777777779,7.777777777777779,7.777777777777779,0.3361058158078121
8,8.88888888888889,8.88888888888889,8.88888888888889,1.2343608970384676
9,10.0,10.0,10.0,-0.11204685518430481
