step,x,y,z,energy
0,0.0,0.0,0.0,-1.652796221261341
1,1.1111111111111112,1.1111111111111112,1.1111111111111112,-0.2893596792606294
2,2.2222222222222223,2.2222222222222223,2.2222222222222223,0.0553133882209997
3,3.3333333333333335,3.3333333333333335,3.3333333333333335,-0.24264757019700264
4,4.444444444444445,4.444444444444445,4.444444444444445,-0.677407584387401
5,5.555555555555555,5.555555555555555,5.555555555555555,-0.8365635659509263
6,6.666666666666667,6.666666666666667,6.666666666666667,1.3145378034476392
7,7.777777777777779,7.777777777777779,7.777777777777779,-0.9881724367150291
8,8.88888888888889,8.88888888888889,8.88888888888889,0.02544887649061264
9,10.0,10.0,10.0,-0.49341228074145405
