step,x,y,z,energy
0,0.0,0.0,0.0,-0.3784289064038265
1,1.1111111111111112,1.1111111111111112,1.1111111111111112,-1.9800998121397033
2,2.2222222222222223,2.2222222222222223,2.2222222222222223,-0.7281082696772389
3,3.3333333333333335,3.3333333333333335,3.3333333333333335,-0.5915231777745691
4,4.444444444444445,4.444444444444445,4.444444444444445,0.819662086236198
5,5.555555555555555,5.555555555555555,5.555555555555555,0.4235407207325912
6,6.666666666666667,6.666666666666667,6.666666666666667,0.056514680271618885
7,7.777777777777779,7.777777777777779,7.777777777777779,0.3467474290884634
8,8.88888888888889,8.88888888888889,8.88888888888889,-0.9001222800875815
9,10.0,10.0,10.0,-0.6222145728351025
