step,x,y,z,energy
0,0.0,0.0,0.0,-0.30349720694594834
1,1.1111111111111112,1.1111111111111112,1.1111111111111112,0.7156210541764075
2,2.2222222222222223,2.2222222222222223,2.2222222222222223,1.835755739928512
3,3.3333333333333335,3.3333333333333335,3.3333333333333335,0.7254908624173813
4,4.444444444444445,4.444444444444445,4.444444444444445,0.301144840083184
5,5.555555555555555,5.555555555555555,5.555555555555555,-0.578089739869618
6,6.666666666666667,6.666666666666667,6.666666666666667,0.8163503224796541
7,7.777777777777779,7.777777777777779,7.777777777777779,-0.04320513601798806
8,8.88888888888889,8.88888888888889,8.88888888888889,1.9274279373252643
9,10.0,10.0,10.0,-0.8831470008376239
