step,x,y,z,energy
0,0.0,0.0,0.0,1.1223497339989323
1,1.1111111111111112,1.1111111111111112,1.1111111111111112,-0.46631262256301215
2,2.2222222222222223,2.2222222222222223,2.2222222222222223,0.10266815844801763
3,3.3333333333333335,3.3333333333333335,3.3333333333333335,-1.100161908992827
4,4.444444444444445,4.444444444444445,4.444444444444445,-0.7638884485180203
5,5.555555555555555,5.555555555555555,5.555555555555555,0.9189716403717886
6,6.666666666666667,6.666666666666667,6.666666666666667,-1.1915639935167268
7,7.777777777777779,7.777777777777779,7.777777777777779,0.13292035894721355
8,8.88888888888889,8.88888888888889,8.88888888888889,0.4396748460689938
9,10.0,10.0,10.0,0.4489833390166509
