step,x,y,z,energy
0,0.0,0.0,0.0,-0.5505375288151647
1,1.1111111111111112,1.1111111111111112,1.1111111111111112,-0.6704605891818345
2,2.2222222222222223,2.2222222222222223,2.2222222222222223,0.35876467090874403
3,3.3333333333333335,3.3333333333333335,3.3333333333333335,-0.4760339486636392
4,4.444444444444445,4.444444444444445,4.444444444444445,1.1097031319727029
5,5.555555555555555,5.555555555555555,5.555555555555555,0.1290771268436475
6,6.666666666666667,6.666666666666667,6.666666666666667,-0.36546347095027987
7,7.777777777777779,7.777777777777779,7.777777777777779,-0.33493152028471224
8,8.88888888888889,8.88888888888889,8.88888888888889,-0.3232754607557327
9,10.0,10.0,10.0,1.3728852318466385
