step,x,y,z,energy
0,0.0,0.0,0.0,0.07093234666087381
1,1.1111111111111112,1.1111111111111112,1.1111111111111112,1.3890313161767538
2,2.2222222222222223,2.2222222222222223,2.2222222222222223,0.4702088611041974
3,3.3333333333333335,3.3333333333333335,3.3333333333333335,-1.696698990189934
4,4.444444444444445,4.444444444444445,4.444444444444445,0.22180135556491953
5,5.555555555555555,5.555555555555555,5.555555555555555,0.21237195595199293
6,6.666666666666667,6.666666666666667,6.666666666666667,-0.05498445646750531
7,7.777777777777779,7.777777777777779,7.777777777777779,0.9253082478744259
8,8.88888888888889,8.88888888888889,8.88888888888889,0.6654668122724696
9,10.0,10.0,10.0,1.0011655917241602
