step,x,y,z,energy
0,0.0,0.0,0.0,-1.829731487329533
1,1.1111111111111112,1.1111111111111112,1.1111111111111112,0.05506523027677684
2,2.2222222222222223,2.2222222222222223,2.2222222222222223,0.7905516550529762
3,3.3333333333333335,3.3333333333333335,3.3333333333333335,-0.9311725164899993
4,4.444444444444445,4.444444444444445,4.444444444444445,1.543301897485908
5,5.555555555555555,5.555555555555555,5.555555555555555,0.5743057538775145
6,6.666666666666667,6.666666666666667,6.666666666666667,0.42164286618568847
7,7.777777777777779,7.777777777777779,7.777777777777779,-1.0584337908598207
8,8.88888888888889,8.88888888888889,8.88888888888889,0.16519088800298404
9,10.0,10.0,10.0,0.7020065674765817
