step,x,y,z,energy
0,0.0,0.0,0.0,-0.803424890753444
1,1.1111111111111112,1.1111111111111112,1.1111111111111112,0.5740221836907562
2,2.2222222222222223,2.2222222222222223,2.2222222222222223,-1.0443053604983337
3,3.3333333333333335,3.3333333333333335,3.3333333333333335,-0.002054745393414506
4,4.444444444444445,4.444444444444445,4.444444444444445,0.09073623930261024
5,5.555555555555555,5.555555555555555,5.555555555555555,0.5841552328816976
6,6.666666666666667,6.666666666666667,6.666666666666667,-0.7295603183973787
7,7.777777777777779,7.777777777777779,7.777777777777779,1.3799917192713973
8,8.88888888888889,8.88888888888889,8.88888888888889,-0.13226944447518438
9,10.0,10.0,10.0,0.502192819920109
