step,x,y,z,energy
0,0.0,0.0,0.0,0.7806480461795169
1,1.1111111111111112,1.1111111111111112,1.1111111111111112,-1.1221990426388875
2,2.2222222222222223,2.2222222222222223,2.2222222222222223,1.7263269924558673
3,3.3333333333333335,3.3333333333333335,3.3333333333333335,0.4565777990898745
4,4.444444444444445,4.444444444444445,4.444444444444445,2.7450677779318786
5,5.555555555555555,5.555555555555555,5.555555555555555,-0.5189513055844657
6,6.666666666666667,6.666666666666667,6.666666666666667,0.2894252654705789
7,7.777777777777779,7.777777777777779,7.777777777777779,-1.2099805284750917
8,8.88888888888889,8.88888888888889,8.88888888888889,1.2727697794923003
9,10.0,10.0,10.0,0.23644022033455084
