step,x,y,z,energy
0,0.0,0.0,0.0,-0.7271892819937258
1,1.1111111111111112,1.1111111111111112,1.1111111111111112,0.6871663928811954
2,2.2222222222222223,2.2222222222222223,2.2222222222222223,1.1602337316862827
3,3.3333333333333335,3.3333333333333335,3.3333333333333335,0.3708349259036352
4,4.444444444444445,4.444444444444445,4.444444444444445,-0.37709541019218157
5,5.555555555555555,5.555555555555555,5.555555555555555,-1.5570927389497702
6,6.666666666666667,6.666666666666667,6.666666666666667,0.21573291333321976
7,7.777777777777779,7.777777777777779,7.777777777777779,1.098198847503214
8,8.88888888888889,8.88888888888889,8.88888888888889,-2.0301652450056613
9,10.0,10.0,10.0,0.9368648314944127
