step,x,y,z,energy
0,0.0,0.0,0.0,-0.6903360930110873
1,1.1111111111111112,1.1111111111111112,1.1111111111111112,-0.3230759269245962
2,2.2222222222222223,2.2222222222222223,2.2222222222222223,-0.29163930083226464
3,3.3333333333333335,3.3333333333333335,3.3333333333333335,-0.3615474960754288
4,4.444444444444445,4.444444444444445,4.444444444444445,-0.10325547092223362
5,5.555555555555555,5.555555555555555,5.555555555555555,0.12392823633302619
6,6.666666666666667,6.666666666666667,6.666666666666667,-0.7416752634106184
7,7.777777777777779,7.777777777777779,7.777777777777779,-0.7227058495694665
8,8.88888888888889,8.88888888888889,8.88888888888889,1.6798066078134755
9,10.0,10.0,10.0,0.6762715122502997
