step,x,y,z,energy
0,0.0,0.0,0.0,0.16896982832922572
1,1.1111111111111112,1.1111111111111112,1.1111111111111112,0.6544511336072771
2,2.2222222222222223,2.2222222222222223,2.2222222222222223,0.40133729360959586
3,3.3333333333333335,3.3333333333333335,3.3333333333333335,2.1707913963379935
4,4.444444444444445,4.444444444444445,4.444444444444445,-0.38151554101083096
5,5.555555555555555,5.555555555555555,5.555555555555555,-0.8812822155103122
6,6.666666666666667,6.666666666666667,6.666666666666667,-0.14898230810092974
7,7.777777777777779,7.777777777777779,7.777777777777779,-1.0645291999134743
8,8.88888888888889,8.88888888888889,8.88888888888889,-0.3113706810113911
9,10.0,10.0,10.0,-0.25983288936479115
