step,x,y,z,energy
0,0.0,0.0,0.0,-0.23724667337058666
1,1.1111111111111112,1.1111111111111112,1.1111111111111112,0.3588863095962365
2,2.2222222222222223,2.2222222222222223,2.2222222222222223,1.9723310480668717
3,3.3333333333333335,3.3333333333333335,3.3333333333333335,1.4684760529733678
4,4.444444444444445,4.444444444444445,4.444444444444445,0.8527786156209779
5,5.555555555555555,5.555555555555555,5.555555555555555,1.1831562905017359
6,6.666666666666667,6.666666666666667,6.666666666666667,0.33809090911141415
7,7.777777777777779,7.777777777777779,7.777777777777779,-0.254347752580632
8,8.88888888888889,8.88888888888889,8.88888888888889,-0.4420884384587677
9,10.0,10.0,10.0,-2.5702290424289442
