step,x,y,z,energy
0,0.0,0.0,0.0,2.341268970136361
1,1.1111111111111112,1.1111111111111112,1.1111111111111112,0.608531810028193
2,2.2222222222222223,2.2222222222222223,2.2222222222222223,2.017724162849595
3,3.3333333333333335,3.3333333333333335,3.3333333333333335,-1.2083859927849385
4,4.444444444444445,4.444444444444445,4.444444444444445,-0.1131086262566807
5,5.555555555555555,5.555555555555555,5.555555555555555,0.8272502721630913
6,6.666666666666667,6.666666666666667,6.666666666666667,1.1591951560489262
7,7.777777777777779,7.777777777777779,7.777777777777779,-0.19812442346277195
8,8.88888888888889,8.88888888888889,8.88888888888889,0.9939245740560478
9,10.0,10.0,10.0,-0.033920140869722025
