step,x,y,z,energy
0,0.0,0.0,0.0,-1.3223240142528239
1,1.1111111111111112,1.1111111111111112,1.1111111111111112,1.1415412459641985
2,2.2222222222222223,2.2222222222222223,2.2222222222222223,0.9882343734908764
3,3.3333333333333335,3.3333333333333335,3.3333333333333335,1.7837232543616248
4,4.444444444444445,4.444444444444445,4.444444444444445,1.145685915896814
5,5.555555555555555,5.555555555555555,5.555555555555555,1.842248989586007
6,6.666666666666667,6.666666666666667,6.666666666666667,-1.0183213310047523
7,7.777777777777779,7.777777777777779,7.777777777777779,-0.13330448245622825
8,8.88888888888889,8.88888888888889,8.88888888888889,0.004602390194568995
9,10.0,10.0,10.0,1.6034324121318393
