step,x,y,z,energy
0,0.0,0.0,0.0,1.0786169649545612
1,1.1111111111111112,1.1111111111111112,1.1111111111111112,2.0973664362933078
2,2.2222222222222223,2.2222222222222223,2.2222222222222223,0.3271369364863185
3,3.3333333333333335,3.3333333333333335,3.3333333333333335,1.727310044719456
4,4.444444444444445,4.444444444444445,4.444444444444445,-0.26689883081294974
5,5.555555555555555,5.555555555555555,5.555555555555555,0.532922725631803
6,6.666666666666667,6.666666666666667,6.666666666666667,-0.7916948260750023
7,7.777777777777779,7.777777777777779,7.777777777777779,0.6550481366401644
8,8.88888888888889,8.88888888888889,8.88888888888889,0.9177168554779143
9,10.0,10.0,10.0,0.5242849904529605
