step,x,y,z,energy
0,0.0,0.0,0.0,0.26112028780710134
1,1.1111111111111112,1.1111111111111112,1.1111111111111112,-1.1137925053693882
2,2.2222222222222223,2.2222222222222223,2.2222222222222223,0.11843978175499764
3,3.3333333333333335,3.3333333333333335,3.3333333333333335,-0.5095723396418725
4,4.444444444444445,4.444444444444445,4.444444444444445,-0.12742294473309962
5,5.555555555555555,5.555555555555555,5.555555555555555,0.9861656772615043
6,6.666666666666667,6.666666666666667,6.666666666666667,-2.8357555461225137
7,7.777777777777779,7.777777777777779,7.777777777777779,0.2741512658536099
8,8.88888888888889,8.88888888888889,8.88888888888889,0.37884672571014305
9,10.0,10.0,10.0,0.5711615019557589
