step,x,y,z,energy
0,0.0,0.0,0.0,-0.5242518809774167
1,1.1111111111111112,1.1111111111111112,1.1111111111111112,0.16827112080873455
2,2.2222222222222223,2.2222222222222223,2.2222222222222223,-1.3411490589547925
3,3.3333333333333335,3.3333333333333335,3.3333333333333335,-0.24780274407691552
4,4.444444444444445,4.444444444444445,4.444444444444445,-0.04065071864290706
5,5.555555555555555,5.555555555555555,5.555555555555555,-1.9798409364908782
6,6.666666666666667,6.666666666666667,6.666666666666667,0.19902910202609256
7,7.777777777777779,7.777777777777779,7.777777777777779,0.3229550513549871
8,8.88888888888889,8.88888888888889,8.88888888888889,0.8259151156543831
9,10.0,10.0,10.0,-0.7164748298540482
