step,x,y,z,energy
0,0.0,0.0,0.0,-1.0470337265544194
1,1.1111111111111112,1.1111111111111112,1.1111111111111112,0.2513314451267431
2,2.2222222222222223,2.2222222222222223,2.2222222222222223,0.2848480653533698
3,3.3333333333333335,3.3333333333333335,3.3333333333333335,0.4792870757707518
4,4.444444444444445,4.444444444444445,4.444444444444445,0.7673814096577171
5,5.555555555555555,5.555555555555555,5.555555555555555,0.5882015016608327
6,6.666666666666667,6.666666666666667,6.666666666666667,2.3543273860937144
7,7.777777777777779,7.777777777777779,7.777777777777779,0.8832198297775451
8,8.88888888888889,8.88888888888889,8.88888888888889,0.17397151009736017
9,10.0,10.0,10.0,0.6395829902595854
